loc	lead snp	chr	pos	p	h2	nearest gene
1	rs657452	1	49.59 Mb	5.481999999999994e-13	2.504939187438e-4	RP11-141A19.1
2	rs11583200	1	50.56 Mb	1.4789999999999997e-8	1.4685468750000002e-4	ELAVL4
3	rs3101336	1	72.75 Mb	2.6610000000000027e-26	5.081803951928e-4	NEGR1
4	rs7551507	1	75.00 Mb	8.862000000000015e-15	2.8387088749999995e-4	TNNI3K
5	rs12401738	1	78.45 Mb	1.1449999999999985e-10	2.175963875e-4	GIPC2
6	rs11165643	1	96.92 Mb	2.0700000000000023e-12	2.3227354999999996e-4	EEF1A1P11
7	rs543874	1	177.89 Mb	2.617999999999993e-35	9.087172511928e-4	SEC16B
8	rs2820292	1	201.78 Mb	1.8339999999999978e-10	1.9007260915500002e-4	IPO9-AS1
9	rs13386964	2	0.65 Mb	3.8590000000000315e-50	7.8225875e-4	TMEM18
10	rs10182181	2	25.15 Mb	8.777000000000031e-24	4.712450000000001e-4	ADCY3
11	rs11126666	2	26.93 Mb	1.3320000000000014e-9	1.827519362478e-4	KCNK3
12	rs1016287	2	59.31 Mb	2.2529999999999992e-11	2.300848875e-4	AC007092.1
13	rs11688816	2	63.05 Mb	1.8930000000000008e-8	1.4689113356480002e-4	EHBP1
14	rs2121279	2	143.04 Mb	2.313e-8	1.23748872555e-4	AC016706.1
15	rs1528435	2	181.55 Mb	1.195999999999999e-8	1.5402296418479998e-4	AC009478.1
16	rs7599312	2	213.41 Mb	1.1730000000000015e-10	1.9999955447999997e-4	ERBB4
17	rs6804842	3	25.11 Mb	2.476000000000004e-9	1.6727468749999996e-4	AC133680.1
18	rs13098327	3	85.82 Mb	2.5339999999999958e-14	2.6055478195499996e-4	CADM2
19	rs16851483	3	141.28 Mb	3.548000000000003e-10	3.886179952158e-4	RASA2
20	rs4234589	3	185.82 Mb	3.8140000000000096e-22	3.3284626795979994e-4	ETV5
21	rs13130484	4	45.18 Mb	4.2389999999999814e-38	7.896972807821998e-4	RP11-362I1.1
22	rs13107325	4	103.19 Mb	1.8250000000000032e-12	4.690788375438001e-4	SLC39A8
23	rs3797580	5	75.00 Mb	2.6099999999999994e-15	2.805451399998e-4	POC5
24	rs205262	6	34.56 Mb	1.7529999999999995e-10	1.9103777167020006e-4	C6orf106
25	rs4715210	6	50.90 Mb	1.052000000000003e-28	3.5484480000000005e-4	FTH1P5
26	rs3800229	6	109.00 Mb	3.5770000000000015e-8	1.428313284558e-4	FOXO3
27	rs13191362	6	163.03 Mb	7.338999999999986e-9	2.455327999999999e-4	PARK2
28	rs1167827	7	75.16 Mb	6.333000000000003e-10	2.0260092664880003e-4	PMS2P3
29	rs2245368	7	76.61 Mb	3.186999999999997e-8	3.683547092558001e-4	DTX2P1
30	rs2588785	8	76.64 Mb	4.5109999999999955e-11	2.230186559438e-4	AC016194.1
31	rs4740619	9	15.63 Mb	4.564000000000005e-9	1.5949440111019997e-4	CCDC171
32	rs10968576	9	28.41 Mb	6.607000000000005e-14	2.5620190862219995e-4	LINGO2
33	rs6477694	9	111.93 Mb	2.6730000000000015e-8	1.3922183052719997e-4	FRRS1L
34	rs1928295	9	120.38 Mb	7.910000000000006e-10	1.727438e-4	RP11-500B12.1
35	rs10733682	9	129.46 Mb	1.8300000000000012e-8	1.4797394999999997e-4	LMX1B
36	rs7899106	10	87.41 Mb	2.960000000000001e-8	1.4822375000000013e-4	RN7SKP238
37	rs17094222	10	102.40 Mb	5.94200000000001e-11	2.0449307462219998e-4	HIF1AN
38	rs11191560	10	104.87 Mb	8.446000000000013e-9	1.0416277798080003e-4	NT5C2
39	rs7903146	10	114.76 Mb	1.1120000000000001e-11	2.05335e-4	TCF7L2
40	rs10840100	11	8.67 Mb	3.032e-11	1.7417798749999998e-4	TRIM66
41	rs11030104	11	27.68 Mb	5.556999999999982e-28	5.484671999999999e-4	BDNF
42	rs3817334	11	47.65 Mb	5.1450000000000046e-17	3.3978780000000003e-4	MTCH2
43	rs12286929	11	115.02 Mb	1.3099999999999979e-12	2.312551243758e-4	CADM1
44	rs7138803	12	50.25 Mb	8.152999999999993e-24	4.89379902795e-4	RP11-70F11.7
45	rs1885989	13	28.01 Mb	2.8939999999999943e-9	2.6789809819500007e-4	MTIF3
46	rs12429545	13	54.10 Mb	1.0939999999999982e-12	2.0080079999999998e-4	AL450423.1
47	rs10132280	14	25.93 Mb	1.141000000000001e-11	2.3509935438e-4	RP11-388G3.1
48	rs7141420	14	79.90 Mb	1.2300000000000003e-14	2.6108293599500003e-4	NRXN3
49	rs3736485	15	51.75 Mb	7.412000000000008e-9	1.5139519999999998e-4	RP11-707P17.2
50	rs2241423	15	68.09 Mb	2.3729999999999928e-17	3.2624241342e-4	MAP2K5
51	rs879620	16	4.02 Mb	1.0610000000000006e-9	2.8766736649920004e-4	ADCY9
52	rs12446632	16	19.94 Mb	1.4769999999999957e-18	3.7526584087980004e-4	AC134300.1
53	rs2650492	16	28.33 Mb	1.9149999999999964e-9	1.827519362478e-4	SBK1
54	rs3888190	16	28.89 Mb	3.140000000000009e-23	4.390619500782e-4	ATP2A1
55	rs2032915	16	31.12 Mb	9.290000000000011e-10	1.738473672782e-4	BCKDK
56	rs9939973	16	53.80 Mb	1e-50	0.0031284792000000005	FTO
57	rs1000940	17	5.28 Mb	1.2840000000000011e-8	1.2856319999999998e-4	NUP88
58	rs12940622	17	78.62 Mb	2.494000000000001e-9	1.6446802015280003e-4	RPTOR
59	rs1808579	18	21.10 Mb	4.169000000000001e-8	1.390963875e-4	NPC1
60	rs571312	18	57.84 Mb	1e-50	0.0012418359761598	RNU4-17P
61	rs17724992	19	18.45 Mb	3.414999999999998e-8	1.605183755192e-4	PGPEP1
62	rs29941	19	34.31 Mb	2.4070000000000016e-8	1.472104161528e-4	KCTD15
63	rs2075650	19	45.40 Mb	1.2470000000000003e-8	1.6191175132080005e-4	TOMM40
64	rs2287019	19	46.20 Mb	4.5850000000000114e-18	3.3047999999999997e-4	QPCTL
65	rs3810291	19	47.57 Mb	4.812000000000002e-15	3.7541718749999997e-4	ZC3H4
